{
  "1": {
    "A": 15039.093644500477,
    "min_dist_mm": 0.24035217101280587,
    "params": [
      576.4688815590007,
      510.4953208332736,
      441.9917542954223,
      343.14547254836253,
      281.52074146838635,
      66.80310144202058,
      2.5622671165292688,
      -2.711944296331026,
      -2.517939041868157,
      -3.085931559942137,
      0.0061718835250309185,
      97.83786451217655,
      103.28676276124823,
      101.08735135162509,
      88.19801512842994,
      96.18411493116771
    ],
    "attempts": [
      [
        1,
        15.0,
        13079.139007068821,
        0.023447939117412775,
        -0.04276076999140408,
        false
      ],
      [
        1,
        40.0,
        15039.093644500477,
        0.0,
        0.24035217101280587,
        true
      ],
      [
        -1,
        15.0,
        11329.255025198741,
        8283.550299982262,
        -17.173083497101807,
        false
      ],
      [
        -1,
        40.0,
        26893.501102981914,
        73138.68908858871,
        -46.313623458281555,
        false
      ]
    ]
  },
  "2": {
    "A": 4445.27311178908,
    "min_dist_mm": 0.48308424620269996,
    "params": [
      270.0874725485971,
      325.44527900574826,
      412.2713116233608,
      536.4251355353247,
      644.9711437824587,
      622.5802104734591,
      0.3549409494107004,
      0.6414623759342786,
      1.1233271831413743,
      -0.523814949261915,
      -0.593803063939384,
      88.72349057607578,
      90.13053882382196,
      87.25526210401176,
      87.0563733098501,
      88.55092710439521
    ],
    "attempts": [
      [
        1,
        15.0,
        4445.27311178908,
        0.0,
        0.48308424620269996,
        true
      ],
      [
        1,
        40.0,
        13434.006094166267,
        0.0,
        0.4133999573009967,
        true
      ],
      [
        -1,
        15.0,
        15353.949246960125,
        0.011645557812378582,
        0.011267841119591858,
        false
      ],
      [
        -1,
        40.0,
        32685.235055876547,
        0.10528089331265765,
        -0.19332775756825293,
        false
      ]
    ]
  }
}