{
  "processing": {
    "orig_size": [
      10380,
      14740
    ],
    "low_size": [
      845,
      1200
    ],
    "med_size": [
      2253,
      3200
    ],
    "px_per_mm_low": 0.5794444444444444,
    "px_per_mm_med": 1.545185185185185,
    "string_angle_deg": 117.5,
    "n_string_rhos": 13,
    "calibrated_from_strings": false
  },
  "bbox_mm": {
    "w": 956.0882070949185,
    "h": 1800.0
  },
  "column": {
    "left_xa_yb": [
      0.0,
      178.0
    ],
    "right_xa_yb": [
      0.0,
      218.0
    ],
    "y_top_px": 233,
    "y_bot_px": 972,
    "width_mm": 69.03163950143816,
    "height_mm": 1275.35953978907
  },
  "base_mm": {
    "w": 486.32790028763185,
    "h": 243.33652924256953
  },
  "neck_top_bez_px": [
    [
      218.0,
      71.0
    ],
    [
      498.7461867683554,
      114.86823277478774
    ],
    [
      371.9306908259924,
      417.16903819440853
    ],
    [
      688.0,
      341.0
    ]
  ],
  "neck_bot_bez_px": [
    [
      218.0,
      73.0
    ],
    [
      261.9968117949678,
      -195.7942301017798
    ],
    [
      315.7286650400781,
      417.17606070496964
    ],
    [
      688.0,
      357.0
    ]
  ],
  "soundboard_bez_px": [
    [
      688.0,
      341.0
    ],
    [
      609.3187423568925,
      560.047508023274
    ],
    [
      500.46707383095793,
      758.7712176009913
    ],
    [
      408.0,
      972.0
    ]
  ]
}