{
  "transform_type": "homography",
  "T": [
    [
      0.017868327253395214,
      -0.017202105965493666,
      62.96701269727035
    ],
    [
      0.03869123388083901,
      -0.021885573730314713,
      13.172614307732125
    ],
    [
      -6.487609636914161e-05,
      -7.38046411931759e-05,
      1.0
    ]
  ],
  "median_err_mm": 141.1710565837106,
  "flip": true,
  "column": {
    "top_px": [
      2677.7666666666664,
      2862.0166666666664
    ],
    "top_mm": [
      100.12491077911655,
      88.02879800463292
    ],
    "bot_px": [
      2677.7666666666664,
      11939.4
    ],
    "bot_mm": [
      1722.367095610355,
      2632.1609820713898
    ],
    "length_mm": 3017.3296598565953
  }
}