{
  "N1": [
    614.7988801082822,
    -102.87692667106577
  ],
  "N2": [
    618.6280350498362,
    258.78594877417027
  ],
  "H1L": [
    -119.8070454848206,
    -197.36430305341844
  ],
  "H1R": [
    619.7420303124968,
    -102.24112279637876
  ],
  "H2L": [
    616.4464425715045,
    259.4460550496446
  ],
  "H2R": [
    893.6766656933944,
    175.5617311662695
  ],
  "max_dist": 295.92923162437023
}