{
  "2": {
    "anchors": [
      [
        323.6049039690955,
        261.4721070787034
      ],
      [
        656.2357724893245,
        93.17152218932118
      ]
    ],
    "obj": 1274983.4871877853,
    "min_dist": 20.59917239636003,
    "max_dist": 322.12736779279703,
    "pins_under_24": 3,
    "mean_excess_above_24": 136.97801369239298,
    "max_excess_above_24": 298.12736779279703,
    "sum_sq_excess": 1171236.9278308286
  },
  "3": {
    "anchors": [
      [
        289.37460747294995,
        92.07015938966879
      ],
      [
        370.2366099977624,
        223.60400690860303
      ],
      [
        532.640421685444,
        508.240519420133
      ]
    ],
    "obj": 6664.878978596218,
    "min_dist": 23.9060778240832,
    "max_dist": 46.394435146787266,
    "pins_under_24": 4,
    "mean_excess_above_24": 10.132110210018896,
    "max_excess_above_24": 22.394435146787266,
    "sum_sq_excess": 6619.13271638367
  },
  "4": {
    "anchors": [
      [
        289.9669361116833,
        94.68133405691336
      ],
      [
        412.39983970877415,
        330.2110784744831
      ],
      [
        482.38038665223934,
        450.65514827852223
      ],
      [
        569.9757196309063,
        519.4054823637414
      ]
    ],
    "obj": 7173.026031850771,
    "min_dist": 23.936753425488753,
    "max_dist": 46.27198026097901,
    "pins_under_24": 5,
    "mean_excess_above_24": 11.605123275230746,
    "max_excess_above_24": 22.271980260979007,
    "sum_sq_excess": 7145.859614524303
  }
}